x,y,z,t
3.50,0.00,225.00,0.00
3.50,0.00,228.79,1.19
3.50,0.00,232.59,2.38
3.50,0.00,236.38,3.57
3.50,0.00,240.17,4.75
3.50,0.00,243.97,5.94
3.50,0.00,247.76,7.13
3.50,0.00,251.55,8.32
3.50,0.00,255.34,9.51
3.50,0.00,259.14,10.70
3.50,0.00,262.93,11.89
3.50,0.00,266.72,13.08
3.50,0.00,270.52,14.26
3.50,0.00,274.31,15.45
3.50,0.00,278.10,16.64
3.50,0.00,281.90,17.83
3.50,0.00,285.69,19.02
3.50,0.00,289.48,20.21
3.50,0.00,293.28,21.40
3.50,0.00,297.07,22.58
3.50,0.00,300.86,23.77
3.50,0.00,304.66,24.96
3.50,0.00,308.45,26.15
3.50,0.00,312.24,27.34
3.50,0.00,316.03,28.53
3.50,0.00,319.83,29.72
3.50,0.00,323.62,30.91
3.50,0.00,327.41,32.09
3.50,0.00,331.21,33.28
3.50,0.00,335.00,34.47
3.50,0.00,335.00,35.66
3.46,0.50,335.00,36.85
3.36,0.99,335.00,38.04
3.18,1.45,335.00,39.23
2.94,1.89,335.00,40.42
2.94,1.89,335.00,41.60
2.94,1.89,331.21,42.79
2.94,1.89,327.41,43.98
2.94,1.89,323.62,45.17
2.94,1.89,319.83,46.36
2.94,1.89,316.03,47.55
2.94,1.89,312.24,48.74
2.94,1.89,308.45,49.92
2.94,1.89,304.66,51.11
2.94,1.89,300.86,52.30
2.94,1.89,297.07,53.49
2.94,1.89,293.28,54.68
2.94,1.89,289.48,55.87
2.94,1.89,285.69,57.06
2.94,1.89,281.90,58.25
2.94,1.89,278.10,59.43
2.94,1.89,274.31,60.62
2.94,1.89,270.52,61.81
2.94,1.89,266.72,63.00
2.94,1.89,262.93,64.19
2.94,1.89,259.14,65.38
2.94,1.89,255.34,66.57
2.94,1.89,251.55,67.75
2.94,1.89,247.76,68.94
2.94,1.89,243.97,70.13
2.94,1.89,240.17,71.32
2.94,1.89,236.38,72.51
2.94,1.89,232.59,73.70
2.94,1.89,228.79,74.89
2.94,1.89,225.00,76.08
2.94,1.89,225.00,77.26
2.65,2.29,225.00,78.45
2.29,2.65,225.00,79.64
1.89,2.94,225.00,80.83
1.45,3.18,225.00,82.02
1.45,3.18,225.00,83.21
1.45,3.18,228.79,84.40
1.45,3.18,232.59,85.59
1.45,3.18,236.38,86.77
1.45,3.18,240.17,87.96
1.45,3.18,243.97,89.15
1.45,3.18,247.76,90.34
1.45,3.18,251.55,91.53
1.45,3.18,255.34,92.72
1.45,3.18,259.14,93.91
1.45,3.18,262.93,95.09
1.45,3.18,266.72,96.28
1.45,3.18,270.52,97.47
1.45,3.18,274.31,98.66
1.45,3.18,278.10,99.85
1.45,3.18,281.90,101.04
1.45,3.18,285.69,102.23
1.45,3.18,289.48,103.42
1.45,3.18,293.28,104.60
1.45,3.18,297.07,105.79
1.45,3.18,300.86,106.98
1.45,3.18,304.66,108.17
1.45,3.18,308.45,109.36
1.45,3.18,312.24,110.55
1.45,3.18,316.03,111.74
1.45,3.18,319.83,112.92
1.45,3.18,323.62,114.11
1.45,3.18,327.41,115.30
1.45,3.18,331.21,116.49
1.45,3.18,335.00,117.68
1.45,3.18,335.00,118.87
0.99,3.36,335.00,120.06
0.50,3.46,335.00,121.25
0.00,3.50,335.00,122.43
-0.50,3.46,335.00,123.62
-0.50,3.46,335.00,124.81
-0.50,3.46,331.21,126.00
-0.50,3.46,327.41,127.19
-0.50,3.46,323.62,128.38
-0.50,3.46,319.83,129.57
-0.50,3.46,316.03,130.76
-0.50,3.46,312.24,131.94
-0.50,3.46,308.45,133.13
-0.50,3.46,304.66,134.32
-0.50,3.46,300.86,135.51
-0.50,3.46,297.07,136.70
-0.50,3.46,293.28,137.89
-0.50,3.46,289.48,139.08
-0.50,3.46,285.69,140.26
-0.50,3.46,281.90,141.45
-0.50,3.46,278.10,142.64
-0.50,3.46,274.31,143.83
-0.50,3.46,270.52,145.02
-0.50,3.46,266.72,146.21
-0.50,3.46,262.93,147.40
-0.50,3.46,259.14,148.59
-0.50,3.46,255.34,149.77
-0.50,3.46,251.55,150.96
-0.50,3.46,247.76,152.15
-0.50,3.46,243.97,153.34
-0.50,3.46,240.17,154.53
-0.50,3.46,236.38,155.72
-0.50,3.46,232.59,156.91
-0.50,3.46,228.79,158.09
-0.50,3.46,225.00,159.28
-0.50,3.46,225.00,160.47
-0.99,3.36,225.00,161.66
-1.45,3.18,225.00,162.85
-1.89,2.94,225.00,164.04
-2.29,2.65,225.00,165.23
-2.29,2.65,225.00,166.42
-2.29,2.65,228.79,167.60
-2.29,2.65,232.59,168.79
-2.29,2.65,236.38,169.98
-2.29,2.65,240.17,171.17
-2.29,2.65,243.97,172.36
-2.29,2.65,247.76,173.55
-2.29,2.65,251.55,174.74
-2.29,2.65,255.34,175.93
-2.29,2.65,259.14,177.11
-2.29,2.65,262.93,178.30
-2.29,2.65,266.72,179.49
-2.29,2.65,270.52,180.68
-2.29,2.65,274.31,181.87
-2.29,2.65,278.10,183.06
-2.29,2.65,281.90,184.25
-2.29,2.65,285.69,185.43
-2.29,2.65,289.48,186.62
-2.29,2.65,293.28,187.81
-2.29,2.65,297.07,189.00
-2.29,2.65,300.86,190.19
-2.29,2.65,304.66,191.38
-2.29,2.65,308.45,192.57
-2.29,2.65,312.24,193.76
-2.29,2.65,316.03,194.94
-2.29,2.65,319.83,196.13
-2.29,2.65,323.62,197.32
-2.29,2.65,327.41,198.51
-2.29,2.65,331.21,199.70
-2.29,2.65,335.00,200.89
-2.29,2.65,335.00,202.08
-2.65,2.29,335.00,203.26
-2.94,1.89,335.00,204.45
-3.18,1.45,335.00,205.64
-3.36,0.99,335.00,206.83
-3.36,0.99,335.00,208.02
-3.36,0.99,331.21,209.21
-3.36,0.99,327.41,210.40
-3.36,0.99,323.62,211.59
-3.36,0.99,319.83,212.77
-3.36,0.99,316.03,213.96
-3.36,0.99,312.24,215.15
-3.36,0.99,308.45,216.34
-3.36,0.99,304.66,217.53
-3.36,0.99,300.86,218.72
-3.36,0.99,297.07,219.91
-3.36,0.99,293.28,221.10
-3.36,0.99,289.48,222.28
-3.36,0.99,285.69,223.47
-3.36,0.99,281.90,224.66
-3.36,0.99,278.10,225.85
-3.36,0.99,274.31,227.04
-3.36,0.99,270.52,228.23
-3.36,0.99,266.72,229.42
-3.36,0.99,262.93,230.60
-3.36,0.99,259.14,231.79
-3.36,0.99,255.34,232.98
-3.36,0.99,251.55,234.17
-3.36,0.99,247.76,235.36
-3.36,0.99,243.97,236.55
-3.36,0.99,240.17,237.74
-3.36,0.99,236.38,238.93
-3.36,0.99,232.59,240.11
-3.36,0.99,228.79,241.30
-3.36,0.99,225.00,242.49
-3.36,0.99,225.00,243.68
-3.46,0.50,225.00,244.87
-3.50,0.00,225.00,246.06
-3.46,-0.50,225.00,247.25
-3.36,-0.99,225.00,248.43
-3.36,-0.99,225.00,249.62
-3.36,-0.99,228.79,250.81
-3.36,-0.99,232.59,252.00
-3.36,-0.99,236.38,253.19
-3.36,-0.99,240.17,254.38
-3.36,-0.99,243.97,255.57
-3.36,-0.99,247.76,256.76
-3.36,-0.99,251.55,257.94
-3.36,-0.99,255.34,259.13
-3.36,-0.99,259.14,260.32
-3.36,-0.99,262.93,261.51
-3.36,-0.99,266.72,262.70
-3.36,-0.99,270.52,263.89
-3.36,-0.99,274.31,265.08
-3.36,-0.99,278.10,266.27
-3.36,-0.99,281.90,267.45
-3.36,-0.99,285.69,268.64
-3.36,-0.99,289.48,269.83
-3.36,-0.99,293.28,271.02
-3.36,-0.99,297.07,272.21
-3.36,-0.99,300.86,273.40
-3.36,-0.99,304.66,274.59
-3.36,-0.99,308.45,275.77
-3.36,-0.99,312.24,276.96
-3.36,-0.99,316.03,278.15
-3.36,-0.99,319.83,279.34
-3.36,-0.99,323.62,280.53
-3.36,-0.99,327.41,281.72
-3.36,-0.99,331.21,282.91
-3.36,-0.99,335.00,284.10
-3.36,-0.99,335.00,285.28
-3.18,-1.45,335.00,286.47
-2.94,-1.89,335.00,287.66
-2.65,-2.29,335.00,288.85
-2.29,-2.65,335.00,290.04
-2.29,-2.65,335.00,291.23
-2.29,-2.65,331.21,292.42
-2.29,-2.65,327.41,293.60
-2.29,-2.65,323.62,294.79
-2.29,-2.65,319.83,295.98
-2.29,-2.65,316.03,297.17
-2.29,-2.65,312.24,298.36
-2.29,-2.65,308.45,299.55
-2.29,-2.65,304.66,300.74
-2.29,-2.65,300.86,301.93
-2.29,-2.65,297.07,303.11
-2.29,-2.65,293.28,304.30
-2.29,-2.65,289.48,305.49
-2.29,-2.65,285.69,306.68
-2.29,-2.65,281.90,307.87
-2.29,-2.65,278.10,309.06
-2.29,-2.65,274.31,310.25
-2.29,-2.65,270.52,311.43
-2.29,-2.65,266.72,312.62
-2.29,-2.65,262.93,313.81
-2.29,-2.65,259.14,315.00
-2.29,-2.65,255.34,316.19
-2.29,-2.65,251.55,317.38
-2.29,-2.65,247.76,318.57
-2.29,-2.65,243.97,319.76
-2.29,-2.65,240.17,320.94
-2.29,-2.65,236.38,322.13
-2.29,-2.65,232.59,323.32
-2.29,-2.65,228.79,324.51
-2.29,-2.65,225.00,325.70
-2.29,-2.65,225.00,326.89
-1.89,-2.94,225.00,328.08
-1.45,-3.18,225.00,329.27
-0.99,-3.36,225.00,330.45
-0.50,-3.46,225.00,331.64
-0.50,-3.46,225.00,332.83
-0.50,-3.46,228.79,334.02
-0.50,-3.46,232.59,335.21
-0.50,-3.46,236.38,336.40
-0.50,-3.46,240.17,337.59
-0.50,-3.46,243.97,338.77
-0.50,-3.46,247.76,339.96
-0.50,-3.46,251.55,341.15
-0.50,-3.46,255.34,342.34
-0.50,-3.46,259.14,343.53
-0.50,-3.46,262.93,344.72
-0.50,-3.46,266.72,345.91
-0.50,-3.46,270.52,347.10
-0.50,-3.46,274.31,348.28
-0.50,-3.46,278.10,349.47
-0.50,-3.46,281.90,350.66
-0.50,-3.46,285.69,351.85
-0.50,-3.46,289.48,353.04
-0.50,-3.46,293.28,354.23
-0.50,-3.46,297.07,355.42
-0.50,-3.46,300.86,356.60
-0.50,-3.46,304.66,357.79
-0.50,-3.46,308.45,358.98
-0.50,-3.46,312.24,360.17
-0.50,-3.46,316.03,361.36
-0.50,-3.46,319.83,362.55
-0.50,-3.46,323.62,363.74
-0.50,-3.46,327.41,364.93
-0.50,-3.46,331.21,366.11
-0.50,-3.46,335.00,367.30
-0.50,-3.46,335.00,368.49
-0.00,-3.50,335.00,369.68
0.50,-3.46,335.00,370.87
0.99,-3.36,335.00,372.06
1.45,-3.18,335.00,373.25
1.45,-3.18,335.00,374.44
1.45,-3.18,331.21,375.62
1.45,-3.18,327.41,376.81
1.45,-3.18,323.62,378.00
1.45,-3.18,319.83,379.19
1.45,-3.18,316.03,380.38
1.45,-3.18,312.24,381.57
1.45,-3.18,308.45,382.76
1.45,-3.18,304.66,383.94
1.45,-3.18,300.86,385.13
1.45,-3.18,297.07,386.32
1.45,-3.18,293.28,387.51
1.45,-3.18,289.48,388.70
1.45,-3.18,285.69,389.89
1.45,-3.18,281.90,391.08
1.45,-3.18,278.10,392.27
1.45,-3.18,274.31,393.45
1.45,-3.18,270.52,394.64
1.45,-3.18,266.72,395.83
1.45,-3.18,262.93,397.02
1.45,-3.18,259.14,398.21
1.45,-3.18,255.34,399.40
1.45,-3.18,251.55,400.59
1.45,-3.18,247.76,401.77
1.45,-3.18,243.97,402.96
1.45,-3.18,240.17,404.15
1.45,-3.18,236.38,405.34
1.45,-3.18,232.59,406.53
1.45,-3.18,228.79,407.72
1.45,-3.18,225.00,408.91
1.45,-3.18,225.00,410.10
1.89,-2.94,225.00,411.28
2.29,-2.65,225.00,412.47
2.65,-2.29,225.00,413.66
2.94,-1.89,225.00,414.85
2.94,-1.89,225.00,416.04
2.94,-1.89,228.79,417.23
2.94,-1.89,232.59,418.42
2.94,-1.89,236.38,419.61
2.94,-1.89,240.17,420.79
2.94,-1.89,243.97,421.98
2.94,-1.89,247.76,423.17
2.94,-1.89,251.55,424.36
2.94,-1.89,255.34,425.55
2.94,-1.89,259.14,426.74
2.94,-1.89,262.93,427.93
2.94,-1.89,266.72,429.11
2.94,-1.89,270.52,430.30
2.94,-1.89,274.31,431.49
2.94,-1.89,278.10,432.68
2.94,-1.89,281.90,433.87
2.94,-1.89,285.69,435.06
2.94,-1.89,289.48,436.25
2.94,-1.89,293.28,437.44
2.94,-1.89,297.07,438.62
2.94,-1.89,300.86,439.81
2.94,-1.89,304.66,441.00
2.94,-1.89,308.45,442.19
2.94,-1.89,312.24,443.38
2.94,-1.89,316.03,444.57
2.94,-1.89,319.83,445.76
2.94,-1.89,323.62,446.94
2.94,-1.89,327.41,448.13
2.94,-1.89,331.21,449.32
2.94,-1.89,335.00,450.51
2.94,-1.89,335.00,451.70
3.18,-1.45,335.00,452.89
3.36,-0.99,335.00,454.08
3.46,-0.50,335.00,455.27
3.50,-0.00,335.00,456.45
3.50,-0.00,335.00,457.64
3.50,-0.00,331.21,458.83
3.50,-0.00,327.41,460.02
3.50,-0.00,323.62,461.21
3.50,-0.00,319.83,462.40
3.50,-0.00,316.03,463.59
3.50,-0.00,312.24,464.78
3.50,-0.00,308.45,465.96
3.50,-0.00,304.66,467.15
3.50,-0.00,300.86,468.34
3.50,-0.00,297.07,469.53
3.50,-0.00,293.28,470.72
3.50,-0.00,289.48,471.91
3.50,-0.00,285.69,473.10
3.50,-0.00,281.90,474.28
3.50,-0.00,278.10,475.47
3.50,-0.00,274.31,476.66
3.50,-0.00,270.52,477.85
3.50,-0.00,266.72,479.04
3.50,-0.00,262.93,480.23
3.50,-0.00,259.14,481.42
3.50,-0.00,255.34,482.61
3.50,-0.00,251.55,483.79
3.50,-0.00,247.76,484.98
3.50,-0.00,243.97,486.17
3.50,-0.00,240.17,487.36
3.50,-0.00,236.38,488.55
3.50,-0.00,232.59,489.74
3.50,-0.00,228.79,490.93
3.50,-0.00,225.00,492.11
3.50,-0.00,225.00,493.30
3.46,0.50,225.00,494.49
3.36,0.99,225.00,495.68
3.18,1.45,225.00,496.87
2.94,1.89,225.00,498.06
2.94,1.89,225.00,499.25
2.94,1.89,228.79,500.44
2.94,1.89,232.59,501.62
2.94,1.89,236.38,502.81
2.94,1.89,240.17,504.00
2.94,1.89,243.97,505.19
2.94,1.89,247.76,506.38
2.94,1.89,251.55,507.57
2.94,1.89,255.34,508.76
2.94,1.89,259.14,509.95
2.94,1.89,262.93,511.13
2.94,1.89,266.72,512.32
2.94,1.89,270.52,513.51
2.94,1.89,274.31,514.70
2.94,1.89,278.10,515.89
2.94,1.89,281.90,517.08
2.94,1.89,285.69,518.27
2.94,1.89,289.48,519.45
2.94,1.89,293.28,520.64
2.94,1.89,297.07,521.83
2.94,1.89,300.86,523.02
2.94,1.89,304.66,524.21
2.94,1.89,308.45,525.40
2.94,1.89,312.24,526.59
2.94,1.89,316.03,527.78
2.94,1.89,319.83,528.96
2.94,1.89,323.62,530.15
2.94,1.89,327.41,531.34
2.94,1.89,331.21,532.53
2.94,1.89,335.00,533.72
2.94,1.89,335.00,534.91
2.65,2.29,335.00,536.10
2.29,2.65,335.00,537.28
1.89,2.94,335.00,538.47
1.45,3.18,335.00,539.66
1.45,3.18,335.00,540.85
1.45,3.18,331.21,542.04
1.45,3.18,327.41,543.23
1.45,3.18,323.62,544.42
1.45,3.18,319.83,545.61
1.45,3.18,316.03,546.79
1.45,3.18,312.24,547.98
1.45,3.18,308.45,549.17
1.45,3.18,304.66,550.36
1.45,3.18,300.86,551.55
1.45,3.18,297.07,552.74
1.45,3.18,293.28,553.93
1.45,3.18,289.48,555.12
1.45,3.18,285.69,556.30
1.45,3.18,281.90,557.49
1.45,3.18,278.10,558.68
1.45,3.18,274.31,559.87
1.45,3.18,270.52,561.06
1.45,3.18,266.72,562.25
1.45,3.18,262.93,563.44
1.45,3.18,259.14,564.62
1.45,3.18,255.34,565.81
1.45,3.18,251.55,567.00
1.45,3.18,247.76,568.19
1.45,3.18,243.97,569.38
1.45,3.18,240.17,570.57
1.45,3.18,236.38,571.76
1.45,3.18,232.59,572.95
1.45,3.18,228.79,574.13
1.45,3.18,225.00,575.32
1.45,3.18,225.00,576.51
0.99,3.36,225.00,577.70
0.50,3.46,225.00,578.89
0.00,3.50,225.00,580.08
-0.50,3.46,225.00,581.27
-0.50,3.46,225.00,582.45
-0.50,3.46,228.79,583.64
-0.50,3.46,232.59,584.83
-0.50,3.46,236.38,586.02
-0.50,3.46,240.17,587.21
-0.50,3.46,243.97,588.40
-0.50,3.46,247.76,589.59
-0.50,3.46,251.55,590.78
-0.50,3.46,255.34,591.96
-0.50,3.46,259.14,593.15
-0.50,3.46,262.93,594.34
-0.50,3.46,266.72,595.53
-0.50,3.46,270.52,596.72
-0.50,3.46,274.31,597.91
-0.50,3.46,278.10,599.10
-0.50,3.46,281.90,600.28
-0.50,3.46,285.69,601.47
-0.50,3.46,289.48,602.66
-0.50,3.46,293.28,603.85
-0.50,3.46,297.07,605.04
-0.50,3.46,300.86,606.23
-0.50,3.46,304.66,607.42
-0.50,3.46,308.45,608.61
-0.50,3.46,312.24,609.79
-0.50,3.46,316.03,610.98
-0.50,3.46,319.83,612.17
-0.50,3.46,323.62,613.36
-0.50,3.46,327.41,614.55
-0.50,3.46,331.21,615.74
-0.50,3.46,335.00,616.93
-0.50,3.46,335.00,618.12
-0.99,3.36,335.00,619.30
-1.45,3.18,335.00,620.49
-1.89,2.94,335.00,621.68
-2.29,2.65,335.00,622.87
-2.29,2.65,335.00,624.06
-2.29,2.65,331.21,625.25
-2.29,2.65,327.41,626.44
-2.29,2.65,323.62,627.62
-2.29,2.65,319.83,628.81
-2.29,2.65,316.03,630.00
-2.29,2.65,312.24,631.19
-2.29,2.65,308.45,632.38
-2.29,2.65,304.66,633.57
-2.29,2.65,300.86,634.76
-2.29,2.65,297.07,635.95
-2.29,2.65,293.28,637.13
-2.29,2.65,289.48,638.32
-2.29,2.65,285.69,639.51
-2.29,2.65,281.90,640.70
-2.29,2.65,278.10,641.89
-2.29,2.65,274.31,643.08
-2.29,2.65,270.52,644.27
-2.29,2.65,266.72,645.45
-2.29,2.65,262.93,646.64
-2.29,2.65,259.14,647.83
-2.29,2.65,255.34,649.02
-2.29,2.65,251.55,650.21
-2.29,2.65,247.76,651.40
-2.29,2.65,243.97,652.59
-2.29,2.65,240.17,653.78
-2.29,2.65,236.38,654.96
-2.29,2.65,232.59,656.15
-2.29,2.65,228.79,657.34
-2.29,2.65,225.00,658.53
-2.29,2.65,225.00,659.72
-2.65,2.29,225.00,660.91
-2.94,1.89,225.00,662.10
-3.18,1.45,225.00,663.29
-3.36,0.99,225.00,664.47
-3.36,0.99,225.00,665.66
-3.36,0.99,228.79,666.85
-3.36,0.99,232.59,668.04
-3.36,0.99,236.38,669.23
-3.36,0.99,240.17,670.42
-3.36,0.99,243.97,671.61
-3.36,0.99,247.76,672.79
-3.36,0.99,251.55,673.98
-3.36,0.99,255.34,675.17
-3.36,0.99,259.14,676.36
-3.36,0.99,262.93,677.55
-3.36,0.99,266.72,678.74
-3.36,0.99,270.52,679.93
-3.36,0.99,274.31,681.12
-3.36,0.99,278.10,682.30
-3.36,0.99,281.90,683.49
-3.36,0.99,285.69,684.68
-3.36,0.99,289.48,685.87
-3.36,0.99,293.28,687.06
-3.36,0.99,297.07,688.25
-3.36,0.99,300.86,689.44
-3.36,0.99,304.66,690.62
-3.36,0.99,308.45,691.81
-3.36,0.99,312.24,693.00
-3.36,0.99,316.03,694.19
-3.36,0.99,319.83,695.38
-3.36,0.99,323.62,696.57
-3.36,0.99,327.41,697.76
-3.36,0.99,331.21,698.95
-3.36,0.99,335.00,700.13
-3.36,0.99,335.00,701.32
-3.46,0.50,335.00,702.51
-3.50,0.00,335.00,703.70
-3.46,-0.50,335.00,704.89
-3.36,-0.99,335.00,706.08
-3.36,-0.99,335.00,707.27
-3.36,-0.99,331.21,708.46
-3.36,-0.99,327.41,709.64
-3.36,-0.99,323.62,710.83
-3.36,-0.99,319.83,712.02
-3.36,-0.99,316.03,713.21
-3.36,-0.99,312.24,714.40
-3.36,-0.99,308.45,715.59
-3.36,-0.99,304.66,716.78
-3.36,-0.99,300.86,717.96
-3.36,-0.99,297.07,719.15
-3.36,-0.99,293.28,720.34
-3.36,-0.99,289.48,721.53
-3.36,-0.99,285.69,722.72
-3.36,-0.99,281.90,723.91
-3.36,-0.99,278.10,725.10
-3.36,-0.99,274.31,726.29
-3.36,-0.99,270.52,727.47
-3.36,-0.99,266.72,728.66
-3.36,-0.99,262.93,729.85
-3.36,-0.99,259.14,731.04
-3.36,-0.99,255.34,732.23
-3.36,-0.99,251.55,733.42
-3.36,-0.99,247.76,734.61
-3.36,-0.99,243.97,735.79
-3.36,-0.99,240.17,736.98
-3.36,-0.99,236.38,738.17
-3.36,-0.99,232.59,739.36
-3.36,-0.99,228.79,740.55
-3.36,-0.99,225.00,741.74
-3.36,-0.99,225.00,742.93
-3.18,-1.45,225.00,744.12
-2.94,-1.89,225.00,745.30
-2.65,-2.29,225.00,746.49
-2.29,-2.65,225.00,747.68
-2.29,-2.65,225.00,748.87
-2.29,-2.65,228.79,750.06
-2.29,-2.65,232.59,751.25
-2.29,-2.65,236.38,752.44
-2.29,-2.65,240.17,753.63
-2.29,-2.65,243.97,754.81
-2.29,-2.65,247.76,756.00
-2.29,-2.65,251.55,757.19
-2.29,-2.65,255.34,758.38
-2.29,-2.65,259.14,759.57
-2.29,-2.65,262.93,760.76
-2.29,-2.65,266.72,761.95
-2.29,-2.65,270.52,763.13
-2.29,-2.65,274.31,764.32
-2.29,-2.65,278.10,765.51
-2.29,-2.65,281.90,766.70
-2.29,-2.65,285.69,767.89
-2.29,-2.65,289.48,769.08
-2.29,-2.65,293.28,770.27
-2.29,-2.65,297.07,771.46
-2.29,-2.65,300.86,772.64
-2.29,-2.65,304.66,773.83
-2.29,-2.65,308.45,775.02
-2.29,-2.65,312.24,776.21
-2.29,-2.65,316.03,777.40
-2.29,-2.65,319.83,778.59
-2.29,-2.65,323.62,779.78
-2.29,-2.65,327.41,780.96
-2.29,-2.65,331.21,782.15
-2.29,-2.65,335.00,783.34
-2.29,-2.65,335.00,784.53
-1.89,-2.94,335.00,785.72
-1.45,-3.18,335.00,786.91
-0.99,-3.36,335.00,788.10
-0.50,-3.46,335.00,789.29
-0.50,-3.46,335.00,790.47
-0.50,-3.46,331.21,791.66
-0.50,-3.46,327.41,792.85
-0.50,-3.46,323.62,794.04
-0.50,-3.46,319.83,795.23
-0.50,-3.46,316.03,796.42
-0.50,-3.46,312.24,797.61
-0.50,-3.46,308.45,798.80
-0.50,-3.46,304.66,799.98
-0.50,-3.46,300.86,801.17
-0.50,-3.46,297.07,802.36
-0.50,-3.46,293.28,803.55
-0.50,-3.46,289.48,804.74
-0.50,-3.46,285.69,805.93
-0.50,-3.46,281.90,807.12
-0.50,-3.46,278.10,808.30
-0.50,-3.46,274.31,809.49
-0.50,-3.46,270.52,810.68
-0.50,-3.46,266.72,811.87
-0.50,-3.46,262.93,813.06
-0.50,-3.46,259.14,814.25
-0.50,-3.46,255.34,815.44
-0.50,-3.46,251.55,816.63
-0.50,-3.46,247.76,817.81
-0.50,-3.46,243.97,819.00
-0.50,-3.46,240.17,820.19
-0.50,-3.46,236.38,821.38
-0.50,-3.46,232.59,822.57
-0.50,-3.46,228.79,823.76
-0.50,-3.46,225.00,824.95
-0.50,-3.46,225.00,826.13
-0.00,-3.50,225.00,827.32
0.50,-3.46,225.00,828.51
0.99,-3.36,225.00,829.70
1.45,-3.18,225.00,830.89
1.45,-3.18,225.00,832.08
1.45,-3.18,228.79,833.27
1.45,-3.18,232.59,834.46
1.45,-3.18,236.38,835.64
1.45,-3.18,240.17,836.83
1.45,-3.18,243.97,838.02
1.45,-3.18,247.76,839.21
1.45,-3.18,251.55,840.40
1.45,-3.18,255.34,841.59
1.45,-3.18,259.14,842.78
1.45,-3.18,262.93,843.97
1.45,-3.18,266.72,845.15
1.45,-3.18,270.52,846.34
1.45,-3.18,274.31,847.53
1.45,-3.18,278.10,848.72
1.45,-3.18,281.90,849.91
1.45,-3.18,285.69,851.10
1.45,-3.18,289.48,852.29
1.45,-3.18,293.28,853.47
1.45,-3.18,297.07,854.66
1.45,-3.18,300.86,855.85
1.45,-3.18,304.66,857.04
1.45,-3.18,308.45,858.23
1.45,-3.18,312.24,859.42
1.45,-3.18,316.03,860.61
1.45,-3.18,319.83,861.80
1.45,-3.18,323.62,862.98
1.45,-3.18,327.41,864.17
1.45,-3.18,331.21,865.36
1.45,-3.18,335.00,866.55
1.45,-3.18,335.00,867.74
1.89,-2.94,335.00,868.93
2.29,-2.65,335.00,870.12
2.65,-2.29,335.00,871.30
2.94,-1.89,335.00,872.49
2.94,-1.89,335.00,873.68
2.94,-1.89,331.21,874.87
2.94,-1.89,327.41,876.06
2.94,-1.89,323.62,877.25
2.94,-1.89,319.83,878.44
2.94,-1.89,316.03,879.63
2.94,-1.89,312.24,880.81
2.94,-1.89,308.45,882.00
2.94,-1.89,304.66,883.19
2.94,-1.89,300.86,884.38
2.94,-1.89,297.07,885.57
2.94,-1.89,293.28,886.76
2.94,-1.89,289.48,887.95
2.94,-1.89,285.69,889.13
2.94,-1.89,281.90,890.32
2.94,-1.89,278.10,891.51
2.94,-1.89,274.31,892.70
2.94,-1.89,270.52,893.89
2.94,-1.89,266.72,895.08
2.94,-1.89,262.93,896.27
2.94,-1.89,259.14,897.46
2.94,-1.89,255.34,898.64
2.94,-1.89,251.55,899.83
2.94,-1.89,247.76,901.02
2.94,-1.89,243.97,902.21
2.94,-1.89,240.17,903.40
2.94,-1.89,236.38,904.59
2.94,-1.89,232.59,905.78
2.94,-1.89,228.79,906.97
2.94,-1.89,225.00,908.15
2.94,-1.89,225.00,909.34
3.18,-1.45,225.00,910.53
3.36,-0.99,225.00,911.72
3.46,-0.50,225.00,912.91
3.50,-0.00,225.00,914.10
-1.75,0.00,221.97,915.29
1.53,0.00,220.07,916.47
4.82,0.00,218.18,917.66
8.10,0.00,216.28,918.85
11.39,0.00,214.38,920.04
14.67,0.00,212.49,921.23
17.96,0.00,210.59,922.42
21.24,0.00,208.69,923.61
24.53,0.00,206.80,924.80
27.81,0.00,204.90,925.98
31.10,0.00,203.00,927.17
34.38,0.00,201.11,928.36
37.67,0.00,199.21,929.55
40.95,0.00,197.31,930.74
44.24,0.00,195.42,931.93
47.52,0.00,193.52,933.12
50.81,0.00,191.62,934.30
54.09,0.00,189.73,935.49
57.38,0.00,187.83,936.68
60.66,0.00,185.93,937.87
63.95,0.00,184.04,939.06
67.23,0.00,182.14,940.25
70.52,0.00,180.24,941.44
73.80,0.00,178.35,942.63
77.09,0.00,176.45,943.81
80.37,0.00,174.56,945.00
83.66,0.00,172.66,946.19
86.94,0.00,170.76,947.38
90.23,0.00,168.87,948.57
93.51,0.00,166.97,949.76
93.51,0.00,166.97,950.95
93.53,0.50,167.00,952.14
93.58,0.99,167.09,953.32
93.67,1.45,167.24,954.51
93.79,1.89,167.45,955.70
93.79,1.89,167.45,956.89
90.51,1.89,169.35,958.08
87.22,1.89,171.24,959.27
83.94,1.89,173.14,960.46
80.65,1.89,175.04,961.64
77.37,1.89,176.93,962.83
74.08,1.89,178.83,964.02
70.80,1.89,180.73,965.21
67.51,1.89,182.62,966.40
64.23,1.89,184.52,967.59
60.94,1.89,186.42,968.78
57.66,1.89,188.31,969.97
54.37,1.89,190.21,971.15
51.09,1.89,192.11,972.34
47.80,1.89,194.00,973.53
44.52,1.89,195.90,974.72
41.23,1.89,197.79,975.91
37.95,1.89,199.69,977.10
34.66,1.89,201.59,978.29
31.38,1.89,203.48,979.47
28.09,1.89,205.38,980.66
24.81,1.89,207.28,981.85
21.52,1.89,209.17,983.04
18.24,1.89,211.07,984.23
14.95,1.89,212.97,985.42
11.67,1.89,214.86,986.61
8.38,1.89,216.76,987.80
5.10,1.89,218.66,988.98
1.81,1.89,220.55,990.17
-1.47,1.89,222.45,991.36
-1.47,1.89,222.45,992.55
-1.32,2.29,222.71,993.74
-1.15,2.65,223.02,994.93
-0.95,2.94,223.36,996.12
-0.73,3.18,223.74,997.31
-0.73,3.18,223.74,998.49
2.56,3.18,221.84,999.68
5.84,3.18,219.95,1000.87
9.13,3.18,218.05,1002.06
12.41,3.18,216.15,1003.25
15.70,3.18,214.26,1004.44
18.98,3.18,212.36,1005.63
22.27,3.18,210.46,1006.81
25.55,3.18,208.57,1008.00
28.84,3.18,206.67,1009.19
32.12,3.18,204.78,1010.38
35.41,3.18,202.88,1011.57
38.69,3.18,200.98,1012.76
41.98,3.18,199.09,1013.95
45.26,3.18,197.19,1015.14
48.55,3.18,195.29,1016.32
51.83,3.18,193.40,1017.51
55.12,3.18,191.50,1018.70
58.40,3.18,189.60,1019.89
61.69,3.18,187.71,1021.08
64.97,3.18,185.81,1022.27
68.26,3.18,183.91,1023.46
71.54,3.18,182.02,1024.64
74.83,3.18,180.12,1025.83
78.11,3.18,178.22,1027.02
81.40,3.18,176.33,1028.21
84.68,3.18,174.43,1029.40
87.97,3.18,172.53,1030.59
91.25,3.18,170.64,1031.78
94.54,3.18,168.74,1032.97
94.54,3.18,168.74,1034.15
94.77,3.36,169.15,1035.34
95.01,3.46,169.57,1036.53
95.26,3.50,170.00,1037.72
95.51,3.46,170.43,1038.91
95.51,3.46,170.43,1040.10
92.23,3.46,172.33,1041.29
88.94,3.46,174.22,1042.48
85.66,3.46,176.12,1043.66
82.37,3.46,178.02,1044.85
79.09,3.46,179.91,1046.04
75.80,3.46,181.81,1047.23
72.52,3.46,183.71,1048.42
69.23,3.46,185.60,1049.61
65.95,3.46,187.50,1050.80
62.66,3.46,189.40,1051.98
59.38,3.46,191.29,1053.17
56.09,3.46,193.19,1054.36
52.81,3.46,195.09,1055.55
49.52,3.46,196.98,1056.74
46.24,3.46,198.88,1057.93
42.95,3.46,200.78,1059.12
39.67,3.46,202.67,1060.31
36.38,3.46,204.57,1061.49
33.10,3.46,206.47,1062.68
29.81,3.46,208.36,1063.87
26.53,3.46,210.26,1065.06
23.24,3.46,212.16,1066.25
19.96,3.46,214.05,1067.44
16.67,3.46,215.95,1068.63
13.39,3.46,217.85,1069.81
10.10,3.46,219.74,1071.00
6.82,3.46,221.64,1072.19
3.53,3.46,223.53,1073.38
0.25,3.46,225.43,1074.57
0.25,3.46,225.43,1075.76
0.49,3.36,225.85,1076.95
0.73,3.18,226.26,1078.14
0.95,2.94,226.64,1079.32
1.15,2.65,226.98,1080.51
1.15,2.65,226.98,1081.70
4.43,2.65,225.09,1082.89
7.72,2.65,223.19,1084.08
11.00,2.65,221.30,1085.27
14.29,2.65,219.40,1086.46
17.57,2.65,217.50,1087.65
20.86,2.65,215.61,1088.83
24.14,2.65,213.71,1090.02
27.43,2.65,211.81,1091.21
30.71,2.65,209.92,1092.40
34.00,2.65,208.02,1093.59
37.28,2.65,206.12,1094.78
40.57,2.65,204.23,1095.97
43.85,2.65,202.33,1097.15
47.13,2.65,200.43,1098.34
50.42,2.65,198.54,1099.53
53.70,2.65,196.64,1100.72
56.99,2.65,194.74,1101.91
60.27,2.65,192.85,1103.10
63.56,2.65,190.95,1104.29
66.84,2.65,189.05,1105.48
70.13,2.65,187.16,1106.66
73.41,2.65,185.26,1107.85
76.70,2.65,183.36,1109.04
79.98,2.65,181.47,1110.23
83.27,2.65,179.57,1111.42
86.55,2.65,177.67,1112.61
89.84,2.65,175.78,1113.80
93.12,2.65,173.88,1114.98
96.41,2.65,171.98,1116.17
96.41,2.65,171.98,1117.36
96.59,2.29,172.29,1118.55
96.73,1.89,172.55,1119.74
96.85,1.45,172.76,1120.93
96.94,0.99,172.91,1122.12
96.94,0.99,172.91,1123.31
93.66,0.99,174.80,1124.49
90.37,0.99,176.70,1125.68
87.09,0.99,178.60,1126.87
83.80,0.99,180.49,1128.06
80.52,0.99,182.39,1129.25
77.23,0.99,184.29,1130.44
73.95,0.99,186.18,1131.63
70.66,0.99,188.08,1132.82
67.38,0.99,189.98,1134.00
64.09,0.99,191.87,1135.19
60.81,0.99,193.77,1136.38
57.52,0.99,195.67,1137.57
54.24,0.99,197.56,1138.76
50.95,0.99,199.46,1139.95
47.67,0.99,201.36,1141.14
44.38,0.99,203.25,1142.32
41.10,0.99,205.15,1143.51
37.81,0.99,207.05,1144.70
34.53,0.99,208.94,1145.89
31.24,0.99,210.84,1147.08
27.96,0.99,212.74,1148.27
24.67,0.99,214.63,1149.46
21.39,0.99,216.53,1150.65
18.10,0.99,218.43,1151.83
14.82,0.99,220.32,1153.02
11.53,0.99,222.22,1154.21
8.25,0.99,224.12,1155.40
4.96,0.99,226.01,1156.59
1.68,0.99,227.91,1157.78
1.68,0.99,227.91,1158.97
1.73,0.50,228.00,1160.15
1.75,0.00,228.03,1161.34
1.73,-0.50,228.00,1162.53
1.68,-0.99,227.91,1163.72
1.68,-0.99,227.91,1164.91
4.96,-0.99,226.01,1166.10
8.25,-0.99,224.12,1167.29
11.53,-0.99,222.22,1168.48
14.82,-0.99,220.32,1169.66
18.10,-0.99,218.43,1170.85
21.39,-0.99,216.53,1172.04
24.67,-0.99,214.63,1173.23
27.96,-0.99,212.74,1174.42
31.24,-0.99,210.84,1175.61
34.53,-0.99,208.94,1176.80
37.81,-0.99,207.05,1177.99
41.10,-0.99,205.15,1179.17
44.38,-0.99,203.25,1180.36
47.67,-0.99,201.36,1181.55
50.95,-0.99,199.46,1182.74
54.24,-0.99,197.56,1183.93
57.52,-0.99,195.67,1185.12
60.81,-0.99,193.77,1186.31
64.09,-0.99,191.87,1187.49
67.38,-0.99,189.98,1188.68
70.66,-0.99,188.08,1189.87
73.95,-0.99,186.18,1191.06
77.23,-0.99,184.29,1192.25
80.52,-0.99,182.39,1193.44
83.80,-0.99,180.49,1194.63
87.09,-0.99,178.60,1195.82
90.37,-0.99,176.70,1197.00
93.66,-0.99,174.80,1198.19
96.94,-0.99,172.91,1199.38
96.94,-0.99,172.91,1200.57
96.85,-1.45,172.76,1201.76
96.73,-1.89,172.55,1202.95
96.59,-2.29,172.29,1204.14
96.41,-2.65,171.98,1205.32
96.41,-2.65,171.98,1206.51
93.12,-2.65,173.88,1207.70
89.84,-2.65,175.78,1208.89
86.55,-2.65,177.67,1210.08
83.27,-2.65,179.57,1211.27
79.98,-2.65,181.47,1212.46
76.70,-2.65,183.36,1213.65
73.41,-2.65,185.26,1214.83
70.13,-2.65,187.16,1216.02
66.84,-2.65,189.05,1217.21
63.56,-2.65,190.95,1218.40
60.27,-2.65,192.85,1219.59
56.99,-2.65,194.74,1220.78
53.70,-2.65,196.64,1221.97
50.42,-2.65,198.54,1223.15
47.13,-2.65,200.43,1224.34
43.85,-2.65,202.33,1225.53
40.57,-2.65,204.23,1226.72
37.28,-2.65,206.12,1227.91
34.00,-2.65,208.02,1229.10
30.71,-2.65,209.92,1230.29
27.43,-2.65,211.81,1231.48
24.14,-2.65,213.71,1232.66
20.86,-2.65,215.61,1233.85
17.57,-2.65,217.50,1235.04
14.29,-2.65,219.40,1236.23
11.00,-2.65,221.30,1237.42
7.72,-2.65,223.19,1238.61
4.43,-2.65,225.09,1239.80
1.15,-2.65,226.98,1240.99
1.15,-2.65,226.98,1242.17
0.95,-2.94,226.64,1243.36
0.73,-3.18,226.26,1244.55
0.49,-3.36,225.85,1245.74
0.25,-3.46,225.43,1246.93
0.25,-3.46,225.43,1248.12
3.53,-3.46,223.53,1249.31
6.82,-3.46,221.64,1250.49
10.10,-3.46,219.74,1251.68
13.39,-3.46,217.85,1252.87
16.67,-3.46,215.95,1254.06
19.96,-3.46,214.05,1255.25
23.24,-3.46,212.16,1256.44
26.53,-3.46,210.26,1257.63
29.81,-3.46,208.36,1258.82
33.10,-3.46,206.47,1260.00
36.38,-3.46,204.57,1261.19
39.67,-3.46,202.67,1262.38
42.95,-3.46,200.78,1263.57
46.24,-3.46,198.88,1264.76
49.52,-3.46,196.98,1265.95
52.81,-3.46,195.09,1267.14
56.09,-3.46,193.19,1268.32
59.38,-3.46,191.29,1269.51
62.66,-3.46,189.40,1270.70
65.95,-3.46,187.50,1271.89
69.23,-3.46,185.60,1273.08
72.52,-3.46,183.71,1274.27
75.80,-3.46,181.81,1275.46
79.09,-3.46,179.91,1276.65
82.37,-3.46,178.02,1277.83
85.66,-3.46,176.12,1279.02
88.94,-3.46,174.22,1280.21
92.23,-3.46,172.33,1281.40
95.51,-3.46,170.43,1282.59
95.51,-3.46,170.43,1283.78
95.26,-3.50,170.00,1284.97
95.01,-3.46,169.57,1286.16
94.77,-3.36,169.15,1287.34
94.54,-3.18,168.74,1288.53
94.54,-3.18,168.74,1289.72
91.25,-3.18,170.64,1290.91
87.97,-3.18,172.53,1292.10
84.68,-3.18,174.43,1293.29
81.40,-3.18,176.33,1294.48
78.11,-3.18,178.22,1295.66
74.83,-3.18,180.12,1296.85
71.54,-3.18,182.02,1298.04
68.26,-3.18,183.91,1299.23
64.97,-3.18,185.81,1300.42
61.69,-3.18,187.71,1301.61
58.40,-3.18,189.60,1302.80
55.12,-3.18,191.50,1303.99
51.83,-3.18,193.40,1305.17
48.55,-3.18,195.29,1306.36
45.26,-3.18,197.19,1307.55
41.98,-3.18,199.09,1308.74
38.69,-3.18,200.98,1309.93
35.41,-3.18,202.88,1311.12
32.12,-3.18,204.78,1312.31
28.84,-3.18,206.67,1313.49
25.55,-3.18,208.57,1314.68
22.27,-3.18,210.46,1315.87
18.98,-3.18,212.36,1317.06
15.70,-3.18,214.26,1318.25
12.41,-3.18,216.15,1319.44
9.13,-3.18,218.05,1320.63
5.84,-3.18,219.95,1321.82
2.56,-3.18,221.84,1323.00
-0.73,-3.18,223.74,1324.19
-0.73,-3.18,223.74,1325.38
-0.95,-2.94,223.36,1326.57
-1.15,-2.65,223.02,1327.76
-1.32,-2.29,222.71,1328.95
-1.47,-1.89,222.45,1330.14
-1.47,-1.89,222.45,1331.33
1.81,-1.89,220.55,1332.51
5.10,-1.89,218.66,1333.70
8.38,-1.89,216.76,1334.89
11.67,-1.89,214.86,1336.08
14.95,-1.89,212.97,1337.27
18.24,-1.89,211.07,1338.46
21.52,-1.89,209.17,1339.65
24.81,-1.89,207.28,1340.83
28.09,-1.89,205.38,1342.02
31.38,-1.89,203.48,1343.21
34.66,-1.89,201.59,1344.40
37.95,-1.89,199.69,1345.59
41.23,-1.89,197.79,1346.78
44.52,-1.89,195.90,1347.97
47.80,-1.89,194.00,1349.16
51.09,-1.89,192.11,1350.34
54.37,-1.89,190.21,1351.53
57.66,-1.89,188.31,1352.72
60.94,-1.89,186.42,1353.91
64.23,-1.89,184.52,1355.10
67.51,-1.89,182.62,1356.29
70.80,-1.89,180.73,1357.48
74.08,-1.89,178.83,1358.66
77.37,-1.89,176.93,1359.85
80.65,-1.89,175.04,1361.04
83.94,-1.89,173.14,1362.23
87.22,-1.89,171.24,1363.42
90.51,-1.89,169.35,1364.61
93.79,-1.89,167.45,1365.80
93.79,-1.89,167.45,1366.99
93.67,-1.45,167.24,1368.17
93.58,-0.99,167.09,1369.36
93.53,-0.50,167.00,1370.55
93.51,-0.00,166.97,1371.74
93.51,-0.00,166.97,1372.93
90.23,-0.00,168.87,1374.12
86.94,-0.00,170.76,1375.31
83.66,-0.00,172.66,1376.50
80.37,-0.00,174.56,1377.68
77.09,-0.00,176.45,1378.87
73.80,-0.00,178.35,1380.06
70.52,-0.00,180.24,1381.25
67.23,-0.00,182.14,1382.44
63.95,-0.00,184.04,1383.63
60.66,-0.00,185.93,1384.82
57.38,-0.00,187.83,1386.00
54.09,-0.00,189.73,1387.19
50.81,-0.00,191.62,1388.38
47.52,-0.00,193.52,1389.57
44.24,-0.00,195.42,1390.76
40.95,-0.00,197.31,1391.95
37.67,-0.00,199.21,1393.14
34.38,-0.00,201.11,1394.33
31.10,-0.00,203.00,1395.51
27.81,-0.00,204.90,1396.70
24.53,-0.00,206.80,1397.89
21.24,-0.00,208.69,1399.08
17.96,-0.00,210.59,1400.27
14.67,-0.00,212.49,1401.46
11.39,-0.00,214.38,1402.65
8.10,-0.00,216.28,1403.83
4.82,-0.00,218.18,1405.02
1.53,-0.00,220.07,1406.21
-1.75,-0.00,221.97,1407.40
-1.75,-0.00,221.97,1408.59
-1.73,0.50,222.00,1409.78
-1.68,0.99,222.09,1410.97
-1.59,1.45,222.24,1412.16
-1.47,1.89,222.45,1413.34
-1.47,1.89,222.45,1414.53
1.81,1.89,220.55,1415.72
5.10,1.89,218.66,1416.91
8.38,1.89,216.76,1418.10
11.67,1.89,214.86,1419.29
14.95,1.89,212.97,1420.48
18.24,1.89,211.07,1421.67
21.52,1.89,209.17,1422.85
24.81,1.89,207.28,1424.04
28.09,1.89,205.38,1425.23
31.38,1.89,203.48,1426.42
34.66,1.89,201.59,1427.61
37.95,1.89,199.69,1428.80
41.23,1.89,197.79,1429.99
44.52,1.89,195.90,1431.17
47.80,1.89,194.00,1432.36
51.09,1.89,192.11,1433.55
54.37,1.89,190.21,1434.74
57.66,1.89,188.31,1435.93
60.94,1.89,186.42,1437.12
64.23,1.89,184.52,1438.31
67.51,1.89,182.62,1439.50
70.80,1.89,180.73,1440.68
74.08,1.89,178.83,1441.87
77.37,1.89,176.93,1443.06
80.65,1.89,175.04,1444.25
83.94,1.89,173.14,1445.44
87.22,1.89,171.24,1446.63
90.51,1.89,169.35,1447.82
93.79,1.89,167.45,1449.00
93.79,1.89,167.45,1450.19
93.94,2.29,167.71,1451.38
94.12,2.65,168.02,1452.57
94.32,2.94,168.36,1453.76
94.54,3.18,168.74,1454.95
94.54,3.18,168.74,1456.14
91.25,3.18,170.64,1457.33
87.97,3.18,172.53,1458.51
84.68,3.18,174.43,1459.70
81.40,3.18,176.33,1460.89
78.11,3.18,178.22,1462.08
74.83,3.18,180.12,1463.27
71.54,3.18,182.02,1464.46
68.26,3.18,183.91,1465.65
64.97,3.18,185.81,1466.84
61.69,3.18,187.71,1468.02
58.40,3.18,189.60,1469.21
55.12,3.18,191.50,1470.40
51.83,3.18,193.40,1471.59
48.55,3.18,195.29,1472.78
45.26,3.18,197.19,1473.97
41.98,3.18,199.09,1475.16
38.69,3.18,200.98,1476.34
35.41,3.18,202.88,1477.53
32.12,3.18,204.78,1478.72
28.84,3.18,206.67,1479.91
25.55,3.18,208.57,1481.10
22.27,3.18,210.46,1482.29
18.98,3.18,212.36,1483.48
15.70,3.18,214.26,1484.67
12.41,3.18,216.15,1485.85
9.13,3.18,218.05,1487.04
5.84,3.18,219.95,1488.23
2.56,3.18,221.84,1489.42
-0.73,3.18,223.74,1490.61
-0.73,3.18,223.74,1491.80
-0.49,3.36,224.15,1492.99
-0.25,3.46,224.57,1494.17
-0.00,3.50,225.00,1495.36
0.25,3.46,225.43,1496.55
0.25,3.46,225.43,1497.74
3.53,3.46,223.53,1498.93
6.82,3.46,221.64,1500.12
10.10,3.46,219.74,1501.31
13.39,3.46,217.85,1502.50
16.67,3.46,215.95,1503.68
19.96,3.46,214.05,1504.87
23.24,3.46,212.16,1506.06
26.53,3.46,210.26,1507.25
29.81,3.46,208.36,1508.44
33.10,3.46,206.47,1509.63
36.38,3.46,204.57,1510.82
39.67,3.46,202.67,1512.00
42.95,3.46,200.78,1513.19
46.24,3.46,198.88,1514.38
49.52,3.46,196.98,1515.57
52.81,3.46,195.09,1516.76
56.09,3.46,193.19,1517.95
59.38,3.46,191.29,1519.14
62.66,3.46,189.40,1520.33
65.95,3.46,187.50,1521.51
69.23,3.46,185.60,1522.70
72.52,3.46,183.71,1523.89
75.80,3.46,181.81,1525.08
79.09,3.46,179.91,1526.27
82.37,3.46,178.02,1527.46
85.66,3.46,176.12,1528.65
88.94,3.46,174.22,1529.84
92.23,3.46,172.33,1531.02
95.51,3.46,170.43,1532.21
95.51,3.46,170.43,1533.40
95.76,3.36,170.85,1534.59
95.99,3.18,171.26,1535.78
96.21,2.94,171.64,1536.97
96.41,2.65,171.98,1538.16
96.41,2.65,171.98,1539.34
93.12,2.65,173.88,1540.53
89.84,2.65,175.78,1541.72
86.55,2.65,177.67,1542.91
83.27,2.65,179.57,1544.10
79.98,2.65,181.47,1545.29
76.70,2.65,183.36,1546.48
73.41,2.65,185.26,1547.67
70.13,2.65,187.16,1548.85
66.84,2.65,189.05,1550.04
63.56,2.65,190.95,1551.23
60.27,2.65,192.85,1552.42
56.99,2.65,194.74,1553.61
53.70,2.65,196.64,1554.80
50.42,2.65,198.54,1555.99
47.13,2.65,200.43,1557.17
43.85,2.65,202.33,1558.36
40.57,2.65,204.23,1559.55
37.28,2.65,206.12,1560.74
34.00,2.65,208.02,1561.93
30.71,2.65,209.92,1563.12
27.43,2.65,211.81,1564.31
24.14,2.65,213.71,1565.50
20.86,2.65,215.61,1566.68
17.57,2.65,217.50,1567.87
14.29,2.65,219.40,1569.06
11.00,2.65,221.30,1570.25
7.72,2.65,223.19,1571.44
4.43,2.65,225.09,1572.63
1.15,2.65,226.98,1573.82
1.15,2.65,226.98,1575.01
1.32,2.29,227.29,1576.19
1.47,1.89,227.55,1577.38
1.59,1.45,227.76,1578.57
1.68,0.99,227.91,1579.76
1.68,0.99,227.91,1580.95
4.96,0.99,226.01,1582.14
8.25,0.99,224.12,1583.33
11.53,0.99,222.22,1584.51
14.82,0.99,220.32,1585.70
18.10,0.99,218.43,1586.89
21.39,0.99,216.53,1588.08
24.67,0.99,214.63,1589.27
27.96,0.99,212.74,1590.46
31.24,0.99,210.84,1591.65
34.53,0.99,208.94,1592.84
37.81,0.99,207.05,1594.02
41.10,0.99,205.15,1595.21
44.38,0.99,203.25,1596.40
47.67,0.99,201.36,1597.59
50.95,0.99,199.46,1598.78
54.24,0.99,197.56,1599.97
57.52,0.99,195.67,1601.16
60.81,0.99,193.77,1602.34
64.09,0.99,191.87,1603.53
67.38,0.99,189.98,1604.72
70.66,0.99,188.08,1605.91
73.95,0.99,186.18,1607.10
77.23,0.99,184.29,1608.29
80.52,0.99,182.39,1609.48
83.80,0.99,180.49,1610.67
87.09,0.99,178.60,1611.85
90.37,0.99,176.70,1613.04
93.66,0.99,174.80,1614.23
96.94,0.99,172.91,1615.42
96.94,0.99,172.91,1616.61
96.99,0.50,173.00,1617.80
97.01,0.00,173.03,1618.99
96.99,-0.50,173.00,1620.18
96.94,-0.99,172.91,1621.36
96.94,-0.99,172.91,1622.55
93.66,-0.99,174.80,1623.74
90.37,-0.99,176.70,1624.93
87.09,-0.99,178.60,1626.12
83.80,-0.99,180.49,1627.31
80.52,-0.99,182.39,1628.50
77.23,-0.99,184.29,1629.68
73.95,-0.99,186.18,1630.87
70.66,-0.99,188.08,1632.06
67.38,-0.99,189.98,1633.25
64.09,-0.99,191.87,1634.44
60.81,-0.99,193.77,1635.63
57.52,-0.99,195.67,1636.82
54.24,-0.99,197.56,1638.01
50.95,-0.99,199.46,1639.19
47.67,-0.99,201.36,1640.38
44.38,-0.99,203.25,1641.57
41.10,-0.99,205.15,1642.76
37.81,-0.99,207.05,1643.95
34.53,-0.99,208.94,1645.14
31.24,-0.99,210.84,1646.33
27.96,-0.99,212.74,1647.51
24.67,-0.99,214.63,1648.70
21.39,-0.99,216.53,1649.89
18.10,-0.99,218.43,1651.08
14.82,-0.99,220.32,1652.27
11.53,-0.99,222.22,1653.46
8.25,-0.99,224.12,1654.65
4.96,-0.99,226.01,1655.84
1.68,-0.99,227.91,1657.02
1.68,-0.99,227.91,1658.21
1.59,-1.45,227.76,1659.40
1.47,-1.89,227.55,1660.59
1.32,-2.29,227.29,1661.78
1.15,-2.65,226.98,1662.97
1.15,-2.65,226.98,1664.16
4.43,-2.65,225.09,1665.35
7.72,-2.65,223.19,1666.53
11.00,-2.65,221.30,1667.72
14.29,-2.65,219.40,1668.91
17.57,-2.65,217.50,1670.10
20.86,-2.65,215.61,1671.29
24.14,-2.65,213.71,1672.48
27.43,-2.65,211.81,1673.67
30.71,-2.65,209.92,1674.85
34.00,-2.65,208.02,1676.04
37.28,-2.65,206.12,1677.23
40.57,-2.65,204.23,1678.42
43.85,-2.65,202.33,1679.61
47.13,-2.65,200.43,1680.80
50.42,-2.65,198.54,1681.99
53.70,-2.65,196.64,1683.18
56.99,-2.65,194.74,1684.36
60.27,-2.65,192.85,1685.55
63.56,-2.65,190.95,1686.74
66.84,-2.65,189.05,1687.93
70.13,-2.65,187.16,1689.12
73.41,-2.65,185.26,1690.31
76.70,-2.65,183.36,1691.50
79.98,-2.65,181.47,1692.68
83.27,-2.65,179.57,1693.87
86.55,-2.65,177.67,1695.06
89.84,-2.65,175.78,1696.25
93.12,-2.65,173.88,1697.44
96.41,-2.65,171.98,1698.63
96.41,-2.65,171.98,1699.82
96.21,-2.94,171.64,1701.01
95.99,-3.18,171.26,1702.19
95.76,-3.36,170.85,1703.38
95.51,-3.46,170.43,1704.57
95.51,-3.46,170.43,1705.76
92.23,-3.46,172.33,1706.95
88.94,-3.46,174.22,1708.14
85.66,-3.46,176.12,1709.33
82.37,-3.46,178.02,1710.52
79.09,-3.46,179.91,1711.70
75.80,-3.46,181.81,1712.89
72.52,-3.46,183.71,1714.08
69.23,-3.46,185.60,1715.27
65.95,-3.46,187.50,1716.46
62.66,-3.46,189.40,1717.65
59.38,-3.46,191.29,1718.84
56.09,-3.46,193.19,1720.02
52.81,-3.46,195.09,1721.21
49.52,-3.46,196.98,1722.40
46.24,-3.46,198.88,1723.59
42.95,-3.46,200.78,1724.78
39.67,-3.46,202.67,1725.97
36.38,-3.46,204.57,1727.16
33.10,-3.46,206.47,1728.35
29.81,-3.46,208.36,1729.53
26.53,-3.46,210.26,1730.72
23.24,-3.46,212.16,1731.91
19.96,-3.46,214.05,1733.10
16.67,-3.46,215.95,1734.29
13.39,-3.46,217.85,1735.48
10.10,-3.46,219.74,1736.67
6.82,-3.46,221.64,1737.85
3.53,-3.46,223.53,1739.04
0.25,-3.46,225.43,1740.23
0.25,-3.46,225.43,1741.42
0.00,-3.50,225.00,1742.61
-0.25,-3.46,224.57,1743.80
-0.49,-3.36,224.15,1744.99
-0.73,-3.18,223.74,1746.18
-0.73,-3.18,223.74,1747.36
2.56,-3.18,221.84,1748.55
5.84,-3.18,219.95,1749.74
9.13,-3.18,218.05,1750.93
12.41,-3.18,216.15,1752.12
15.70,-3.18,214.26,1753.31
18.98,-3.18,212.36,1754.50
22.27,-3.18,210.46,1755.69
25.55,-3.18,208.57,1756.87
28.84,-3.18,206.67,1758.06
32.12,-3.18,204.78,1759.25
35.41,-3.18,202.88,1760.44
38.69,-3.18,200.98,1761.63
41.98,-3.18,199.09,1762.82
45.26,-3.18,197.19,1764.01
48.55,-3.18,195.29,1765.19
51.83,-3.18,193.40,1766.38
55.12,-3.18,191.50,1767.57
58.40,-3.18,189.60,1768.76
61.69,-3.18,187.71,1769.95
64.97,-3.18,185.81,1771.14
68.26,-3.18,183.91,1772.33
71.54,-3.18,182.02,1773.52
74.83,-3.18,180.12,1774.70
78.11,-3.18,178.22,1775.89
81.40,-3.18,176.33,1777.08
84.68,-3.18,174.43,1778.27
87.97,-3.18,172.53,1779.46
91.25,-3.18,170.64,1780.65
94.54,-3.18,168.74,1781.84
94.54,-3.18,168.74,1783.02
94.32,-2.94,168.36,1784.21
94.12,-2.65,168.02,1785.40
93.94,-2.29,167.71,1786.59
93.79,-1.89,167.45,1787.78
93.79,-1.89,167.45,1788.97
90.51,-1.89,169.35,1790.16
87.22,-1.89,171.24,1791.35
83.94,-1.89,173.14,1792.53
80.65,-1.89,175.04,1793.72
77.37,-1.89,176.93,1794.91
74.08,-1.89,178.83,1796.10
70.80,-1.89,180.73,1797.29
67.51,-1.89,182.62,1798.48
64.23,-1.89,184.52,1799.67
60.94,-1.89,186.42,1800.85
57.66,-1.89,188.31,1802.04
54.37,-1.89,190.21,1803.23
51.09,-1.89,192.11,1804.42
47.80,-1.89,194.00,1805.61
44.52,-1.89,195.90,1806.80
41.23,-1.89,197.79,1807.99
37.95,-1.89,199.69,1809.18
34.66,-1.89,201.59,1810.36
31.38,-1.89,203.48,1811.55
28.09,-1.89,205.38,1812.74
24.81,-1.89,207.28,1813.93
21.52,-1.89,209.17,1815.12
18.24,-1.89,211.07,1816.31
14.95,-1.89,212.97,1817.50
11.67,-1.89,214.86,1818.69
8.38,-1.89,216.76,1819.87
5.10,-1.89,218.66,1821.06
1.81,-1.89,220.55,1822.25
-1.47,-1.89,222.45,1823.44
-1.47,-1.89,222.45,1824.63
-1.59,-1.45,222.24,1825.82
-1.68,-0.99,222.09,1827.01
-1.73,-0.50,222.00,1828.19
-1.75,-0.00,221.97,1829.38
-1.75,0.00,228.03,1830.57
-5.03,0.00,226.13,1831.76
-8.32,0.00,224.24,1832.95
-11.60,0.00,222.34,1834.14
-14.89,0.00,220.44,1835.33
-18.17,0.00,218.55,1836.52
-21.46,0.00,216.65,1837.70
-24.74,0.00,214.76,1838.89
-28.03,0.00,212.86,1840.08
-31.31,0.00,210.96,1841.27
-34.60,0.00,209.07,1842.46
-37.88,0.00,207.17,1843.65
-41.17,0.00,205.27,1844.84
-44.45,0.00,203.38,1846.02
-47.74,0.00,201.48,1847.21
-51.02,0.00,199.58,1848.40
-54.31,0.00,197.69,1849.59
-57.59,0.00,195.79,1850.78
-60.88,0.00,193.89,1851.97
-64.16,0.00,192.00,1853.16
-67.45,0.00,190.10,1854.35
-70.73,0.00,188.20,1855.53
-74.02,0.00,186.31,1856.72
-77.30,0.00,184.41,1857.91
-80.59,0.00,182.51,1859.10
-83.87,0.00,180.62,1860.29
-87.16,0.00,178.72,1861.48
-90.44,0.00,176.82,1862.67
-93.73,0.00,174.93,1863.86
-97.01,0.00,173.03,1865.04
-97.01,0.00,173.03,1866.23
-96.99,0.50,173.00,1867.42
-96.94,0.99,172.91,1868.61
-96.85,1.45,172.76,1869.80
-96.73,1.89,172.55,1870.99
-96.73,1.89,172.55,1872.18
-93.45,1.89,174.45,1873.36
-90.17,1.89,176.34,1874.55
-86.88,1.89,178.24,1875.74
-83.60,1.89,180.14,1876.93
-80.31,1.89,182.03,1878.12
-77.03,1.89,183.93,1879.31
-73.74,1.89,185.83,1880.50
-70.46,1.89,187.72,1881.69
-67.17,1.89,189.62,1882.87
-63.89,1.89,191.52,1884.06
-60.60,1.89,193.41,1885.25
-57.32,1.89,195.31,1886.44
-54.03,1.89,197.21,1887.63
-50.75,1.89,199.10,1888.82
-47.46,1.89,201.00,1890.01
-44.18,1.89,202.89,1891.19
-40.89,1.89,204.79,1892.38
-37.61,1.89,206.69,1893.57
-34.32,1.89,208.58,1894.76
-31.04,1.89,210.48,1895.95
-27.75,1.89,212.38,1897.14
-24.47,1.89,214.27,1898.33
-21.18,1.89,216.17,1899.52
-17.90,1.89,218.07,1900.70
-14.61,1.89,219.96,1901.89
-11.33,1.89,221.86,1903.08
-8.04,1.89,223.76,1904.27
-4.76,1.89,225.65,1905.46
-1.47,1.89,227.55,1906.65
-1.47,1.89,227.55,1907.84
-1.32,2.29,227.29,1909.03
-1.15,2.65,226.98,1910.21
-0.95,2.94,226.64,1911.40
-0.73,3.18,226.26,1912.59
-0.73,3.18,226.26,1913.78
-4.01,3.18,224.36,1914.97
-7.30,3.18,222.47,1916.16
-10.58,3.18,220.57,1917.35
-13.87,3.18,218.67,1918.53
-17.15,3.18,216.78,1919.72
-20.44,3.18,214.88,1920.91
-23.72,3.18,212.98,1922.10
-27.01,3.18,211.09,1923.29
-30.29,3.18,209.19,1924.48
-33.58,3.18,207.29,1925.67
-36.86,3.18,205.40,1926.86
-40.15,3.18,203.50,1928.04
-43.43,3.18,201.60,1929.23
-46.72,3.18,199.71,1930.42
-50.00,3.18,197.81,1931.61
-53.29,3.18,195.91,1932.80
-56.57,3.18,194.02,1933.99
-59.86,3.18,192.12,1935.18
-63.14,3.18,190.22,1936.36
-66.43,3.18,188.33,1937.55
-69.71,3.18,186.43,1938.74
-73.00,3.18,184.54,1939.93
-76.28,3.18,182.64,1941.12
-79.57,3.18,180.74,1942.31
-82.85,3.18,178.85,1943.50
-86.13,3.18,176.95,1944.69
-89.42,3.18,175.05,1945.87
-92.70,3.18,173.16,1947.06
-95.99,3.18,171.26,1948.25
-95.99,3.18,171.26,1949.44
-95.76,3.36,170.85,1950.63
-95.51,3.46,170.43,1951.82
-95.26,3.50,170.00,1953.01
-95.01,3.46,169.57,1954.20
-95.01,3.46,169.57,1955.38
-91.73,3.46,171.47,1956.57
-88.44,3.46,173.36,1957.76
-85.16,3.46,175.26,1958.95
-81.87,3.46,177.15,1960.14
-78.59,3.46,179.05,1961.33
-75.30,3.46,180.95,1962.52
-72.02,3.46,182.84,1963.70
-68.73,3.46,184.74,1964.89
-65.45,3.46,186.64,1966.08
-62.16,3.46,188.53,1967.27
-58.88,3.46,190.43,1968.46
-55.59,3.46,192.33,1969.65
-52.31,3.46,194.22,1970.84
-49.02,3.46,196.12,1972.03
-45.74,3.46,198.02,1973.21
-42.45,3.46,199.91,1974.40
-39.17,3.46,201.81,1975.59
-35.89,3.46,203.71,1976.78
-32.60,3.46,205.60,1977.97
-29.32,3.46,207.50,1979.16
-26.03,3.46,209.40,1980.35
-22.75,3.46,211.29,1981.53
-19.46,3.46,213.19,1982.72
-16.18,3.46,215.09,1983.91
-12.89,3.46,216.98,1985.10
-9.61,3.46,218.88,1986.29
-6.32,3.46,220.78,1987.48
-3.04,3.46,222.67,1988.67
0.25,3.46,224.57,1989.86
0.25,3.46,224.57,1991.04
0.49,3.36,224.15,1992.23
0.73,3.18,223.74,1993.42
0.95,2.94,223.36,1994.61
1.15,2.65,223.02,1995.80
1.15,2.65,223.02,1996.99
-2.14,2.65,221.12,1998.18
-5.42,2.65,219.22,1999.37
-8.71,2.65,217.33,2000.55
-11.99,2.65,215.43,2001.74
-15.28,2.65,213.53,2002.93
-18.56,2.65,211.64,2004.12
-21.85,2.65,209.74,2005.31
-25.13,2.65,207.84,2006.50
-28.42,2.65,205.95,2007.69
-31.70,2.65,204.05,2008.87
-34.99,2.65,202.15,2010.06
-38.27,2.65,200.26,2011.25
-41.56,2.65,198.36,2012.44
-44.84,2.65,196.46,2013.63
-48.13,2.65,194.57,2014.82
-51.41,2.65,192.67,2016.01
-54.70,2.65,190.77,2017.20
-57.98,2.65,188.88,2018.38
-61.27,2.65,186.98,2019.57
-64.55,2.65,185.08,2020.76
-67.84,2.65,183.19,2021.95
-71.12,2.65,181.29,2023.14
-74.41,2.65,179.39,2024.33
-77.69,2.65,177.50,2025.52
-80.98,2.65,175.60,2026.70
-84.26,2.65,173.70,2027.89
-87.55,2.65,171.81,2029.08
-90.83,2.65,169.91,2030.27
-94.12,2.65,168.02,2031.46
-94.12,2.65,168.02,2032.65
-93.94,2.29,167.71,2033.84
-93.79,1.89,167.45,2035.03
-93.67,1.45,167.24,2036.21
-93.58,0.99,167.09,2037.40
-93.58,0.99,167.09,2038.59
-90.30,0.99,168.99,2039.78
-87.01,0.99,170.88,2040.97
-83.73,0.99,172.78,2042.16
-80.44,0.99,174.68,2043.35
-77.16,0.99,176.57,2044.54
-73.87,0.99,178.47,2045.72
-70.59,0.99,180.37,2046.91
-67.30,0.99,182.26,2048.10
-64.02,0.99,184.16,2049.29
-60.73,0.99,186.06,2050.48
-57.45,0.99,187.95,2051.67
-54.16,0.99,189.85,2052.86
-50.88,0.99,191.75,2054.04
-47.59,0.99,193.64,2055.23
-44.31,0.99,195.54,2056.42
-41.02,0.99,197.44,2057.61
-37.74,0.99,199.33,2058.80
-34.46,0.99,201.23,2059.99
-31.17,0.99,203.13,2061.18
-27.89,0.99,205.02,2062.37
-24.60,0.99,206.92,2063.55
-21.32,0.99,208.82,2064.74
-18.03,0.99,210.71,2065.93
-14.75,0.99,212.61,2067.12
-11.46,0.99,214.51,2068.31
-8.18,0.99,216.40,2069.50
-4.89,0.99,218.30,2070.69
-1.61,0.99,220.20,2071.87
1.68,0.99,222.09,2073.06
1.68,0.99,222.09,2074.25
1.73,0.50,222.00,2075.44
1.75,0.00,221.97,2076.63
1.73,-0.50,222.00,2077.82
1.68,-0.99,222.09,2079.01
1.68,-0.99,222.09,2080.20
-1.61,-0.99,220.20,2081.38
-4.89,-0.99,218.30,2082.57
-8.18,-0.99,216.40,2083.76
-11.46,-0.99,214.51,2084.95
-14.75,-0.99,212.61,2086.14
-18.03,-0.99,210.71,2087.33
-21.32,-0.99,208.82,2088.52
-24.60,-0.99,206.92,2089.70
-27.89,-0.99,205.02,2090.89
-31.17,-0.99,203.13,2092.08
-34.46,-0.99,201.23,2093.27
-37.74,-0.99,199.33,2094.46
-41.02,-0.99,197.44,2095.65
-44.31,-0.99,195.54,2096.84
-47.59,-0.99,193.64,2098.03
-50.88,-0.99,191.75,2099.21
-54.16,-0.99,189.85,2100.40
-57.45,-0.99,187.95,2101.59
-60.73,-0.99,186.06,2102.78
-64.02,-0.99,184.16,2103.97
-67.30,-0.99,182.26,2105.16
-70.59,-0.99,180.37,2106.35
-73.87,-0.99,178.47,2107.54
-77.16,-0.99,176.57,2108.72
-80.44,-0.99,174.68,2109.91
-83.73,-0.99,172.78,2111.10
-87.01,-0.99,170.88,2112.29
-90.30,-0.99,168.99,2113.48
-93.58,-0.99,167.09,2114.67
-93.58,-0.99,167.09,2115.86
-93.67,-1.45,167.24,2117.04
-93.79,-1.89,167.45,2118.23
-93.94,-2.29,167.71,2119.42
-94.12,-2.65,168.02,2120.61
-94.12,-2.65,168.02,2121.80
-90.83,-2.65,169.91,2122.99
-87.55,-2.65,171.81,2124.18
-84.26,-2.65,173.70,2125.37
-80.98,-2.65,175.60,2126.55
-77.69,-2.65,177.50,2127.74
-74.41,-2.65,179.39,2128.93
-71.12,-2.65,181.29,2130.12
-67.84,-2.65,183.19,2131.31
-64.55,-2.65,185.08,2132.50
-61.27,-2.65,186.98,2133.69
-57.98,-2.65,188.88,2134.87
-54.70,-2.65,190.77,2136.06
-51.41,-2.65,192.67,2137.25
-48.13,-2.65,194.57,2138.44
-44.84,-2.65,196.46,2139.63
-41.56,-2.65,198.36,2140.82
-38.27,-2.65,200.26,2142.01
-34.99,-2.65,202.15,2143.20
-31.70,-2.65,204.05,2144.38
-28.42,-2.65,205.95,2145.57
-25.13,-2.65,207.84,2146.76
-21.85,-2.65,209.74,2147.95
-18.56,-2.65,211.64,2149.14
-15.28,-2.65,213.53,2150.33
-11.99,-2.65,215.43,2151.52
-8.71,-2.65,217.33,2152.71
-5.42,-2.65,219.22,2153.89
-2.14,-2.65,221.12,2155.08
1.15,-2.65,223.02,2156.27
1.15,-2.65,223.02,2157.46
0.95,-2.94,223.36,2158.65
0.73,-3.18,223.74,2159.84
0.49,-3.36,224.15,2161.03
0.25,-3.46,224.57,2162.21
0.25,-3.46,224.57,2163.40
-3.04,-3.46,222.67,2164.59
-6.32,-3.46,220.78,2165.78
-9.61,-3.46,218.88,2166.97
-12.89,-3.46,216.98,2168.16
-16.18,-3.46,215.09,2169.35
-19.46,-3.46,213.19,2170.54
-22.75,-3.46,211.29,2171.72
-26.03,-3.46,209.40,2172.91
-29.32,-3.46,207.50,2174.10
-32.60,-3.46,205.60,2175.29
-35.89,-3.46,203.71,2176.48
-39.17,-3.46,201.81,2177.67
-42.45,-3.46,199.91,2178.86
-45.74,-3.46,198.02,2180.04
-49.02,-3.46,196.12,2181.23
-52.31,-3.46,194.22,2182.42
-55.59,-3.46,192.33,2183.61
-58.88,-3.46,190.43,2184.80
-62.16,-3.46,188.53,2185.99
-65.45,-3.46,186.64,2187.18
-68.73,-3.46,184.74,2188.37
-72.02,-3.46,182.84,2189.55
-75.30,-3.46,180.95,2190.74
-78.59,-3.46,179.05,2191.93
-81.87,-3.46,177.15,2193.12
-85.16,-3.46,175.26,2194.31
-88.44,-3.46,173.36,2195.50
-91.73,-3.46,171.47,2196.69
-95.01,-3.46,169.57,2197.88
-95.01,-3.46,169.57,2199.06
-95.26,-3.50,170.00,2200.25
-95.51,-3.46,170.43,2201.44
-95.76,-3.36,170.85,2202.63
-95.99,-3.18,171.26,2203.82
-95.99,-3.18,171.26,2205.01
-92.70,-3.18,173.16,2206.20
-89.42,-3.18,175.05,2207.38
-86.13,-3.18,176.95,2208.57
-82.85,-3.18,178.85,2209.76
-79.57,-3.18,180.74,2210.95
-76.28,-3.18,182.64,2212.14
-73.00,-3.18,184.54,2213.33
-69.71,-3.18,186.43,2214.52
-66.43,-3.18,188.33,2215.71
-63.14,-3.18,190.22,2216.89
-59.86,-3.18,192.12,2218.08
-56.57,-3.18,194.02,2219.27
-53.29,-3.18,195.91,2220.46
-50.00,-3.18,197.81,2221.65
-46.72,-3.18,199.71,2222.84
-43.43,-3.18,201.60,2224.03
-40.15,-3.18,203.50,2225.21
-36.86,-3.18,205.40,2226.40
-33.58,-3.18,207.29,2227.59
-30.29,-3.18,209.19,2228.78
-27.01,-3.18,211.09,2229.97
-23.72,-3.18,212.98,2231.16
-20.44,-3.18,214.88,2232.35
-17.15,-3.18,216.78,2233.54
-13.87,-3.18,218.67,2234.72
-10.58,-3.18,220.57,2235.91
-7.30,-3.18,222.47,2237.10
-4.01,-3.18,224.36,2238.29
-0.73,-3.18,226.26,2239.48
-0.73,-3.18,226.26,2240.67
-0.95,-2.94,226.64,2241.86
-1.15,-2.65,226.98,2243.05
-1.32,-2.29,227.29,2244.23
-1.47,-1.89,227.55,2245.42
-1.47,-1.89,227.55,2246.61
-4.76,-1.89,225.65,2247.80
-8.04,-1.89,223.76,2248.99
-11.33,-1.89,221.86,2250.18
-14.61,-1.89,219.96,2251.37
-17.90,-1.89,218.07,2252.55
-21.18,-1.89,216.17,2253.74
-24.47,-1.89,214.27,2254.93
-27.75,-1.89,212.38,2256.12
-31.04,-1.89,210.48,2257.31
-34.32,-1.89,208.58,2258.50
-37.61,-1.89,206.69,2259.69
-40.89,-1.89,204.79,2260.88
-44.18,-1.89,202.89,2262.06
-47.46,-1.89,201.00,2263.25
-50.75,-1.89,199.10,2264.44
-54.03,-1.89,197.21,2265.63
-57.32,-1.89,195.31,2266.82
-60.60,-1.89,193.41,2268.01
-63.89,-1.89,191.52,2269.20
-67.17,-1.89,189.62,2270.38
-70.46,-1.89,187.72,2271.57
-73.74,-1.89,185.83,2272.76
-77.03,-1.89,183.93,2273.95
-80.31,-1.89,182.03,2275.14
-83.60,-1.89,180.14,2276.33
-86.88,-1.89,178.24,2277.52
-90.17,-1.89,176.34,2278.71
-93.45,-1.89,174.45,2279.89
-96.73,-1.89,172.55,2281.08
-96.73,-1.89,172.55,2282.27
-96.85,-1.45,172.76,2283.46
-96.94,-0.99,172.91,2284.65
-96.99,-0.50,173.00,2285.84
-97.01,-0.00,173.03,2287.03
-97.01,-0.00,173.03,2288.22
-93.73,-0.00,174.93,2289.40
-90.44,-0.00,176.82,2290.59
-87.16,-0.00,178.72,2291.78
-83.87,-0.00,180.62,2292.97
-80.59,-0.00,182.51,2294.16
-77.30,-0.00,184.41,2295.35
-74.02,-0.00,186.31,2296.54
-70.73,-0.00,188.20,2297.72
-67.45,-0.00,190.10,2298.91
-64.16,-0.00,192.00,2300.10
-60.88,-0.00,193.89,2301.29
-57.59,-0.00,195.79,2302.48
-54.31,-0.00,197.69,2303.67
-51.02,-0.00,199.58,2304.86
-47.74,-0.00,201.48,2306.05
-44.45,-0.00,203.38,2307.23
-41.17,-0.00,205.27,2308.42
-37.88,-0.00,207.17,2309.61
-34.60,-0.00,209.07,2310.80
-31.31,-0.00,210.96,2311.99
-28.03,-0.00,212.86,2313.18
-24.74,-0.00,214.76,2314.37
-21.46,-0.00,216.65,2315.55
-18.17,-0.00,218.55,2316.74
-14.89,-0.00,220.44,2317.93
-11.60,-0.00,222.34,2319.12
-8.32,-0.00,224.24,2320.31
-5.03,-0.00,226.13,2321.50
-1.75,-0.00,228.03,2322.69
-1.75,-0.00,228.03,2323.88
-1.73,0.50,228.00,2325.06
-1.68,0.99,227.91,2326.25
-1.59,1.45,227.76,2327.44
-1.47,1.89,227.55,2328.63
-1.47,1.89,227.55,2329.82
-4.76,1.89,225.65,2331.01
-8.04,1.89,223.76,2332.20
-11.33,1.89,221.86,2333.39
-14.61,1.89,219.96,2334.57
-17.90,1.89,218.07,2335.76
-21.18,1.89,216.17,2336.95
-24.47,1.89,214.27,2338.14
-27.75,1.89,212.38,2339.33
-31.04,1.89,210.48,2340.52
-34.32,1.89,208.58,2341.71
-37.61,1.89,206.69,2342.89
-40.89,1.89,204.79,2344.08
-44.18,1.89,202.89,2345.27
-47.46,1.89,201.00,2346.46
-50.75,1.89,199.10,2347.65
-54.03,1.89,197.21,2348.84
-57.32,1.89,195.31,2350.03
-60.60,1.89,193.41,2351.22
-63.89,1.89,191.52,2352.40
-67.17,1.89,189.62,2353.59
-70.46,1.89,187.72,2354.78
-73.74,1.89,185.83,2355.97
-77.03,1.89,183.93,2357.16
-80.31,1.89,182.03,2358.35
-83.60,1.89,180.14,2359.54
-86.88,1.89,178.24,2360.72
-90.17,1.89,176.34,2361.91
-93.45,1.89,174.45,2363.10
-96.73,1.89,172.55,2364.29
-96.73,1.89,172.55,2365.48
-96.59,2.29,172.29,2366.67
-96.41,2.65,171.98,2367.86
-96.21,2.94,171.64,2369.05
-95.99,3.18,171.26,2370.23
-95.99,3.18,171.26,2371.42
-92.70,3.18,173.16,2372.61
-89.42,3.18,175.05,2373.80
-86.13,3.18,176.95,2374.99
-82.85,3.18,178.85,2376.18
-79.57,3.18,180.74,2377.37
-76.28,3.18,182.64,2378.55
-73.00,3.18,184.54,2379.74
-69.71,3.18,186.43,2380.93
-66.43,3.18,188.33,2382.12
-63.14,3.18,190.22,2383.31
-59.86,3.18,192.12,2384.50
-56.57,3.18,194.02,2385.69
-53.29,3.18,195.91,2386.88
-50.00,3.18,197.81,2388.06
-46.72,3.18,199.71,2389.25
-43.43,3.18,201.60,2390.44
-40.15,3.18,203.50,2391.63
-36.86,3.18,205.40,2392.82
-33.58,3.18,207.29,2394.01
-30.29,3.18,209.19,2395.20
-27.01,3.18,211.09,2396.39
-23.72,3.18,212.98,2397.57
-20.44,3.18,214.88,2398.76
-17.15,3.18,216.78,2399.95
-13.87,3.18,218.67,2401.14
-10.58,3.18,220.57,2402.33
-7.30,3.18,222.47,2403.52
-4.01,3.18,224.36,2404.71
-0.73,3.18,226.26,2405.89
-0.73,3.18,226.26,2407.08
-0.49,3.36,225.85,2408.27
-0.25,3.46,225.43,2409.46
-0.00,3.50,225.00,2410.65
0.25,3.46,224.57,2411.84
0.25,3.46,224.57,2413.03
-3.04,3.46,222.67,2414.22
-6.32,3.46,220.78,2415.40
-9.61,3.46,218.88,2416.59
-12.89,3.46,216.98,2417.78
-16.18,3.46,215.09,2418.97
-19.46,3.46,213.19,2420.16
-22.75,3.46,211.29,2421.35
-26.03,3.46,209.40,2422.54
-29.32,3.46,207.50,2423.72
-32.60,3.46,205.60,2424.91
-35.89,3.46,203.71,2426.10
-39.17,3.46,201.81,2427.29
-42.45,3.46,199.91,2428.48
-45.74,3.46,198.02,2429.67
-49.02,3.46,196.12,2430.86
-52.31,3.46,194.22,2432.05
-55.59,3.46,192.33,2433.23
-58.88,3.46,190.43,2434.42
-62.16,3.46,188.53,2435.61
-65.45,3.46,186.64,2436.80
-68.73,3.46,184.74,2437.99
-72.02,3.46,182.84,2439.18
-75.30,3.46,180.95,2440.37
-78.59,3.46,179.05,2441.56
-81.87,3.46,177.15,2442.74
-85.16,3.46,175.26,2443.93
-88.44,3.46,173.36,2445.12
-91.73,3.46,171.47,2446.31
-95.01,3.46,169.57,2447.50
-95.01,3.46,169.57,2448.69
-94.77,3.36,169.15,2449.88
-94.54,3.18,168.74,2451.06
-94.32,2.94,168.36,2452.25
-94.12,2.65,168.02,2453.44
-94.12,2.65,168.02,2454.63
-90.83,2.65,169.91,2455.82
-87.55,2.65,171.81,2457.01
-84.26,2.65,173.70,2458.20
-80.98,2.65,175.60,2459.39
-77.69,2.65,177.50,2460.57
-74.41,2.65,179.39,2461.76
-71.12,2.65,181.29,2462.95
-67.84,2.65,183.19,2464.14
-64.55,2.65,185.08,2465.33
-61.27,2.65,186.98,2466.52
-57.98,2.65,188.88,2467.71
-54.70,2.65,190.77,2468.89
-51.41,2.65,192.67,2470.08
-48.13,2.65,194.57,2471.27
-44.84,2.65,196.46,2472.46
-41.56,2.65,198.36,2473.65
-38.27,2.65,200.26,2474.84
-34.99,2.65,202.15,2476.03
-31.70,2.65,204.05,2477.22
-28.42,2.65,205.95,2478.40
-25.13,2.65,207.84,2479.59
-21.85,2.65,209.74,2480.78
-18.56,2.65,211.64,2481.97
-15.28,2.65,213.53,2483.16
-11.99,2.65,215.43,2484.35
-8.71,2.65,217.33,2485.54
-5.42,2.65,219.22,2486.73
-2.14,2.65,221.12,2487.91
1.15,2.65,223.02,2489.10
1.15,2.65,223.02,2490.29
1.32,2.29,222.71,2491.48
1.47,1.89,222.45,2492.67
1.59,1.45,222.24,2493.86
1.68,0.99,222.09,2495.05
1.68,0.99,222.09,2496.23
-1.61,0.99,220.20,2497.42
-4.89,0.99,218.30,2498.61
-8.18,0.99,216.40,2499.80
-11.46,0.99,214.51,2500.99
-14.75,0.99,212.61,2502.18
-18.03,0.99,210.71,2503.37
-21.32,0.99,208.82,2504.56
-24.60,0.99,206.92,2505.74
-27.89,0.99,205.02,2506.93
-31.17,0.99,203.13,2508.12
-34.46,0.99,201.23,2509.31
-37.74,0.99,199.33,2510.50
-41.02,0.99,197.44,2511.69
-44.31,0.99,195.54,2512.88
-47.59,0.99,193.64,2514.06
-50.88,0.99,191.75,2515.25
-54.16,0.99,189.85,2516.44
-57.45,0.99,187.95,2517.63
-60.73,0.99,186.06,2518.82
-64.02,0.99,184.16,2520.01
-67.30,0.99,182.26,2521.20
-70.59,0.99,180.37,2522.39
-73.87,0.99,178.47,2523.57
-77.16,0.99,176.57,2524.76
-80.44,0.99,174.68,2525.95
-83.73,0.99,172.78,2527.14
-87.01,0.99,170.88,2528.33
-90.30,0.99,168.99,2529.52
-93.58,0.99,167.09,2530.71
-93.58,0.99,167.09,2531.90
-93.53,0.50,167.00,2533.08
-93.51,0.00,166.97,2534.27
-93.53,-0.50,167.00,2535.46
-93.58,-0.99,167.09,2536.65
-93.58,-0.99,167.09,2537.84
-90.30,-0.99,168.99,2539.03
-87.01,-0.99,170.88,2540.22
-83.73,-0.99,172.78,2541.40
-80.44,-0.99,174.68,2542.59
-77.16,-0.99,176.57,2543.78
-73.87,-0.99,178.47,2544.97
-70.59,-0.99,180.37,2546.16
-67.30,-0.99,182.26,2547.35
-64.02,-0.99,184.16,2548.54
-60.73,-0.99,186.06,2549.73
-57.45,-0.99,187.95,2550.91
-54.16,-0.99,189.85,2552.10
-50.88,-0.99,191.75,2553.29
-47.59,-0.99,193.64,2554.48
-44.31,-0.99,195.54,2555.67
-41.02,-0.99,197.44,2556.86
-37.74,-0.99,199.33,2558.05
-34.46,-0.99,201.23,2559.23
-31.17,-0.99,203.13,2560.42
-27.89,-0.99,205.02,2561.61
-24.60,-0.99,206.92,2562.80
-21.32,-0.99,208.82,2563.99
-18.03,-0.99,210.71,2565.18
-14.75,-0.99,212.61,2566.37
-11.46,-0.99,214.51,2567.56
-8.18,-0.99,216.40,2568.74
-4.89,-0.99,218.30,2569.93
-1.61,-0.99,220.20,2571.12
1.68,-0.99,222.09,2572.31
1.68,-0.99,222.09,2573.50
1.59,-1.45,222.24,2574.69
1.47,-1.89,222.45,2575.88
1.32,-2.29,222.71,2577.07
1.15,-2.65,223.02,2578.25
1.15,-2.65,223.02,2579.44
-2.14,-2.65,221.12,2580.63
-5.42,-2.65,219.22,2581.82
-8.71,-2.65,217.33,2583.01
-11.99,-2.65,215.43,2584.20
-15.28,-2.65,213.53,2585.39
-18.56,-2.65,211.64,2586.57
-21.85,-2.65,209.74,2587.76
-25.13,-2.65,207.84,2588.95
-28.42,-2.65,205.95,2590.14
-31.70,-2.65,204.05,2591.33
-34.99,-2.65,202.15,2592.52
-38.27,-2.65,200.26,2593.71
-41.56,-2.65,198.36,2594.90
-44.84,-2.65,196.46,2596.08
-48.13,-2.65,194.57,2597.27
-51.41,-2.65,192.67,2598.46
-54.70,-2.65,190.77,2599.65
-57.98,-2.65,188.88,2600.84
-61.27,-2.65,186.98,2602.03
-64.55,-2.65,185.08,2603.22
-67.84,-2.65,183.19,2604.40
-71.12,-2.65,181.29,2605.59
-74.41,-2.65,179.39,2606.78
-77.69,-2.65,177.50,2607.97
-80.98,-2.65,175.60,2609.16
-84.26,-2.65,173.70,2610.35
-87.55,-2.65,171.81,2611.54
-90.83,-2.65,169.91,2612.73
-94.12,-2.65,168.02,2613.91
-94.12,-2.65,168.02,2615.10
-94.32,-2.94,168.36,2616.29
-94.54,-3.18,168.74,2617.48
-94.77,-3.36,169.15,2618.67
-95.01,-3.46,169.57,2619.86
-95.01,-3.46,169.57,2621.05
-91.73,-3.46,171.47,2622.24
-88.44,-3.46,173.36,2623.42
-85.16,-3.46,175.26,2624.61
-81.87,-3.46,177.15,2625.80
-78.59,-3.46,179.05,2626.99
-75.30,-3.46,180.95,2628.18
-72.02,-3.46,182.84,2629.37
-68.73,-3.46,184.74,2630.56
-65.45,-3.46,186.64,2631.74
-62.16,-3.46,188.53,2632.93
-58.88,-3.46,190.43,2634.12
-55.59,-3.46,192.33,2635.31
-52.31,-3.46,194.22,2636.50
-49.02,-3.46,196.12,2637.69
-45.74,-3.46,198.02,2638.88
-42.45,-3.46,199.91,2640.07
-39.17,-3.46,201.81,2641.25
-35.89,-3.46,203.71,2642.44
-32.60,-3.46,205.60,2643.63
-29.32,-3.46,207.50,2644.82
-26.03,-3.46,209.40,2646.01
-22.75,-3.46,211.29,2647.20
-19.46,-3.46,213.19,2648.39
-16.18,-3.46,215.09,2649.57
-12.89,-3.46,216.98,2650.76
-9.61,-3.46,218.88,2651.95
-6.32,-3.46,220.78,2653.14
-3.04,-3.46,222.67,2654.33
0.25,-3.46,224.57,2655.52
0.25,-3.46,224.57,2656.71
0.00,-3.50,225.00,2657.90
-0.25,-3.46,225.43,2659.08
-0.49,-3.36,225.85,2660.27
-0.73,-3.18,226.26,2661.46
-0.73,-3.18,226.26,2662.65
-4.01,-3.18,224.36,2663.84
-7.30,-3.18,222.47,2665.03
-10.58,-3.18,220.57,2666.22
-13.87,-3.18,218.67,2667.40
-17.15,-3.18,216.78,2668.59
-20.44,-3.18,214.88,2669.78
-23.72,-3.18,212.98,2670.97
-27.01,-3.18,211.09,2672.16
-30.29,-3.18,209.19,2673.35
-33.58,-3.18,207.29,2674.54
-36.86,-3.18,205.40,2675.73
-40.15,-3.18,203.50,2676.91
-43.43,-3.18,201.60,2678.10
-46.72,-3.18,199.71,2679.29
-50.00,-3.18,197.81,2680.48
-53.29,-3.18,195.91,2681.67
-56.57,-3.18,194.02,2682.86
-59.86,-3.18,192.12,2684.05
-63.14,-3.18,190.22,2685.24
-66.43,-3.18,188.33,2686.42
-69.71,-3.18,186.43,2687.61
-73.00,-3.18,184.54,2688.80
-76.28,-3.18,182.64,2689.99
-79.57,-3.18,180.74,2691.18
-82.85,-3.18,178.85,2692.37
-86.13,-3.18,176.95,2693.56
-89.42,-3.18,175.05,2694.74
-92.70,-3.18,173.16,2695.93
-95.99,-3.18,171.26,2697.12
-95.99,-3.18,171.26,2698.31
-96.21,-2.94,171.64,2699.50
-96.41,-2.65,171.98,2700.69
-96.59,-2.29,172.29,2701.88
-96.73,-1.89,172.55,2703.07
-96.73,-1.89,172.55,2704.25
-93.45,-1.89,174.45,2705.44
-90.17,-1.89,176.34,2706.63
-86.88,-1.89,178.24,2707.82
-83.60,-1.89,180.14,2709.01
-80.31,-1.89,182.03,2710.20
-77.03,-1.89,183.93,2711.39
-73.74,-1.89,185.83,2712.57
-70.46,-1.89,187.72,2713.76
-67.17,-1.89,189.62,2714.95
-63.89,-1.89,191.52,2716.14
-60.60,-1.89,193.41,2717.33
-57.32,-1.89,195.31,2718.52
-54.03,-1.89,197.21,2719.71
-50.75,-1.89,199.10,2720.90
-47.46,-1.89,201.00,2722.08
-44.18,-1.89,202.89,2723.27
-40.89,-1.89,204.79,2724.46
-37.61,-1.89,206.69,2725.65
-34.32,-1.89,208.58,2726.84
-31.04,-1.89,210.48,2728.03
-27.75,-1.89,212.38,2729.22
-24.47,-1.89,214.27,2730.41
-21.18,-1.89,216.17,2731.59
-17.90,-1.89,218.07,2732.78
-14.61,-1.89,219.96,2733.97
-11.33,-1.89,221.86,2735.16
-8.04,-1.89,223.76,2736.35
-4.76,-1.89,225.65,2737.54
-1.47,-1.89,227.55,2738.73
-1.47,-1.89,227.55,2739.91
-1.59,-1.45,227.76,2741.10
-1.68,-0.99,227.91,2742.29
-1.73,-0.50,228.00,2743.48
-1.75,-0.00,228.03,2744.67
